time,corn_silage,sorghum_silage,sugarcane_bagasse,grass_silage,corn_grain,soybean_hulls,citrus_pulp,cottonseed_whole,ddg,soybean_meal,cottonseed_meal,urea,Animal_Price
1,0.732845445,0.408020684,0.008451511,0.963508944,0.779329875,0.242348359,0.361668111,0.154707718,0.695424248,0.577761697,0.49197552,0.853974073,0.465852201
2,0.408222011,0.904474669,0.785135875,0.155965926,0.319230988,0.494500403,0.739349954,0.332469714,0.369928151,0.472962903,0.412115137,0.31317692,0.841998598
3,0.981849012,0.885592158,0.094152547,0.489313901,0.308824736,0.444612081,0.121773369,0.00601606,0.063376379,0.491410356,0.169356453,0.420429288,0.781696733
4,0.994061124,0.510702804,0.837863629,0.527859393,0.149706098,0.185228587,0.251914485,0.154777317,0.04854197,0.305466852,0.89835176,0.238237486,0.18088354
5,0.314830439,0.552197506,0.847839656,0.403858655,0.570486637,0.537468421,0.195245676,0.425149196,0.961194821,0.289917691,0.880054337,0.199520643,0.214100602
6,0.812248495,0.762050785,0.440582483,0.403550208,0.35501287,0.578803995,0.706930137,0.673861701,0.11174855,0.845972627,0.08254963,0.288621822,0.099864545
7,0.795657948,0.266841268,0.122195994,0.328638451,0.423080877,0.858989323,0.103579231,0.836014169,0.886740888,0.525573698,0.839574774,0.99245782,0.615763167
8,0.971438108,0.334673265,0.024895224,0.912258592,0.812844909,0.194846107,0.05205285,0.660970118,0.540291372,0.503073512,0.175669136,0.433668863,0.441716127
9,0.638001552,0.92427351,0.809914649,0.895466036,0.183996605,0.353124518,0.265274381,0.266851814,0.235028414,0.215844313,0.091264916,0.972146335,0.323416501
10,0.727116852,0.956224675,0.742172381,0.462324502,0.060591135,0.49251316,0.436576899,0.680001985,0.935731837,0.968282654,0.026462528,0.043046662,0.447727213
11,0.702899356,0.682123031,0.647952094,0.514352391,0.498562162,0.29407576,0.628075422,0.891051739,0.081093039,0.199521668,0.499851331,0.287681201,0.396125834
12,0.638766139,0.903566562,0.082677759,0.86779242,0.641378276,0.374225263,0.625237472,0.691377862,0.339603481,0.447011536,0.843187852,0.910536685,0.212245741
13,0.44102837,0.863885374,0.261553421,0.776007058,0.542907063,0.610576716,0.898950732,0.061397489,0.954855706,0.979091079,0.20776008,0.333242102,0.68849306
14,0.268370243,0.444429255,0.021294989,0.949271005,0.096255353,0.125416006,0.790517039,0.502062091,0.184070451,0.737760762,0.765230878,0.797376862,0.711278914
15,0.613272142,0.609722799,0.834891623,0.616756284,0.216843503,0.449565021,0.859829315,0.849973117,0.226187202,0.469323629,0.414216655,0.069022091,0.103632013
16,0.579634142,0.027520177,0.762076467,0.894188381,0.033633655,0.605397653,0.816818023,0.983435507,0.770741106,0.993716023,0.253340702,0.790892994,0.863111433
17,0.470027325,0.253040929,0.857463015,0.773743711,0.023077299,0.778076316,0.590135983,0.405584886,0.108014669,0.400127134,0.050146004,0.0150636,0.097976558
18,0.80950856,0.214817012,0.1972261,0.145467869,0.307907986,0.944479433,0.91929445,0.761774626,0.98450094,0.797824952,0.091425232,0.790570321,0.850110367
19,0.074529531,0.504026697,0.245429198,0.074400678,0.642253015,0.684114863,0.015413757,0.854932835,0.761597971,0.237069563,0.359623116,0.407687983,0.657058078
20,0.837366411,0.837858033,0.408627058,0.816347344,0.83213805,0.026716636,0.227672051,0.795223974,0.99434705,0.698533062,0.144204215,0.805805678,0.590888891
21,0.217866921,0.959811773,0.032619491,0.721152254,0.420854483,0.669844102,0.694710561,0.166070139,0.322638125,0.416352458,0.495219726,0.623586147,0.11248313
22,0.671624825,0.609509331,0.282128674,0.994020071,0.779462717,0.491244715,0.373610719,0.453574197,0.327285449,0.500007907,0.597466734,0.553688693,0.686333619
23,0.558224598,0.946912793,0.558851936,0.781125422,0.345560857,0.901833355,0.127842386,0.397488565,0.247284833,0.008887439,0.398614553,0.456992932,0.937944358
24,0.755080032,0.177479829,0.010581089,0.143169651,0.7429016,0.770863363,0.091078367,0.085495747,0.773854588,0.96766743,0.823417664,0.39660888,0.062447838
25,0.469389398,0.046744657,0.329928466,0.24547653,0.729705698,0.474663068,0.088549822,0.193248989,0.12660697,0.967544348,0.313265771,0.06532923,0.266770578
26,0.147517787,0.329982463,0.900745095,0.139295338,0.497346624,0.934303956,0.850528027,0.834153096,0.436453842,0.218403121,0.582914527,0.774822399,0.191967648
27,0.139266949,0.694213846,0.536426392,0.370846527,0.369769928,0.710657904,0.486441936,0.736000859,0.88303537,0.287385168,0.379874618,0.961133623,0.37955708
28,0.788179308,0.019296734,0.694625864,0.653944896,0.536856043,0.46529445,0.58350131,0.691758236,0.830181903,0.766616861,0.692329144,0.195276245,0.030696738
29,0.557962421,0.624307569,0.025672154,0.744782355,0.111343397,0.31854026,0.286071951,0.641558962,0.288238329,0.965623158,0.53731298,0.578217208,0.654469808
30,0.48667818,0.881255208,0.803460316,0.805496187,0.173493923,0.304654308,0.410864898,0.191747427,0.55234151,0.105180795,0.75377365,0.114728493,0.619225913
31,0.496491566,0.20609171,0.248162394,0.978208652,0.65516591,0.535143534,0.668140948,0.197980401,0.251196742,0.146582334,0.019394284,0.550333453,0.086424494
32,0.791163641,0.488954373,0.275068964,0.084452386,0.941180347,0.874848295,0.414130448,0.207101612,0.725264694,0.428066937,0.467561078,0.881025801,0.671101144
33,0.69455459,0.648910747,0.185230233,0.844339903,0.087656856,0.21388405,0.5813138,0.843214486,0.369999559,0.429210516,0.811971255,0.679591219,0.999259428
34,0.730281615,0.201129532,0.13441431,0.319604593,0.692751079,0.688058228,0.349067636,0.667473696,0.51014267,0.745065526,0.302423118,0.248552156,0.074414384
35,0.439467493,0.517237333,0.443460357,0.339611953,0.001700466,0.021802708,0.814127611,0.514087584,0.561052338,0.525065147,0.362911259,0.69995731,0.259463434
36,0.629392131,0.275835702,0.576060572,0.25780144,0.005019899,0.034972373,0.089651726,0.441150495,0.871610529,0.570438901,0.284737197,0.815286139,0.160238811
37,0.208710205,0.293827296,0.917870038,0.449410769,0.869821396,0.32522582,0.617470461,0.921854389,0.122794479,0.999094272,0.140086891,0.52172523,0.075842101
38,0.663077549,0.293064748,0.272634814,0.9794996,0.578723483,0.794787095,0.573706688,0.355298918,0.026828136,0.68963446,0.183678052,0.777909359,0.206862615
39,0.498350367,0.365508934,0.379033893,0.321753493,0.809541336,0.807123988,0.27789694,0.889026584,0.604335591,0.550985461,0.442543455,0.820045421,0.898958726
40,0.200108486,0.876448376,0.27944971,0.960425028,0.600272499,0.545799121,0.865162364,0.267566782,0.81336802,0.103616192,0.168698632,0.916060479,0.870789649
41,0.184319768,0.655717981,0.222017854,0.007936936,0.460158941,0.770479624,0.753704596,0.154610865,0.22210159,0.309829938,0.59883596,0.641121265,0.823391295
42,0.87327726,0.316362416,0.144312416,0.440213555,0.615578573,0.549783725,0.532385005,0.2257183,0.444214373,0.520421703,0.658768136,0.165423698,0.135440675
43,0.984116607,0.49065295,0.696313921,0.250557091,0.343343852,0.554741035,0.435808599,0.103298809,0.234305463,0.23364004,0.659144716,0.814655958,0.807551608
44,0.987853179,0.209723387,0.493486339,0.300459859,0.652448086,0.865663064,0.777786995,0.702076505,0.033215514,0.698122855,0.742021341,0.477162368,0.707755287
45,0.278280433,0.041681065,0.647412564,0.406071029,0.515138849,0.016322779,0.819565552,0.099571029,0.264057278,0.823224281,0.607831202,0.711626958,0.79222097
46,0.697352606,0.247331779,0.060381729,0.209710401,0.316300488,0.586980217,0.195976165,0.508278747,0.819834051,0.099626415,0.361684029,0.148850311,0.232872233
47,0.697697812,0.390753671,0.325460422,0.338086895,0.431432754,0.871777045,0.184129627,0.739022902,0.413902,0.624673774,0.288879568,0.723351899,0.177190327
48,0.8924405,0.19344264,0.098112926,0.022646226,0.83991314,0.1958014,0.285149585,0.048781495,0.128694748,0.088509817,0.360877717,0.190568284,0.887712197
49,0.645506649,0.914485732,0.801192038,0.029605228,0.099753076,0.837617342,0.9832378,0.967186172,0.751168951,0.656757318,0.511055583,0.132153438,0.937625614
50,0.645567682,0.807599555,0.077954858,0.916020616,0.890386184,0.95224617,0.930099948,0.990264885,0.839997647,0.764881911,0.734949643,0.080131609,0.258942935
51,0.242051084,0.00207887,0.56615566,0.713290649,0.258750344,0.145466125,0.261218504,0.812911399,0.473339162,0.616543184,0.23471492,0.025567981,0.658430178
52,0.642817756,0.279583673,0.653794986,0.154641658,0.086789058,0.692340999,0.990616676,0.617861275,0.711087016,0.613612124,0.784979084,0.903765238,0.692019325
53,0.108002807,0.572249417,0.931726455,0.759910609,0.054946111,0.257335857,0.365821773,0.327141195,0.041504742,0.988400977,0.30933357,0.795440813,0.30132687
54,0.241154693,0.250688165,0.634151371,0.559061291,0.537412539,0.756571403,0.950767553,0.823645134,0.702064138,0.588414372,0.953549407,0.931858437,0.189160136
55,0.249068552,0.138231007,0.391289233,0.721216122,0.071264931,0.00911562,0.287832946,0.648700146,0.847110434,0.767168839,0.545169879,0.776155302,0.014628892
56,0.263930894,0.32275367,0.748669702,0.759681679,0.052574783,0.115998302,0.116748786,0.878116331,0.13721748,0.98922745,0.800346377,0.522708083,0.725650903
57,0.960772808,0.122161815,0.410832609,0.723196516,0.681490984,0.217058565,0.131774854,0.300055502,0.053255156,0.870701199,0.260464732,0.344926085,0.59159749
58,0.871175939,0.598412946,0.489034529,0.315930265,0.581903373,0.715415498,0.042471225,0.270941945,0.555351027,0.479179446,0.581858705,0.896676311,0.764640366
59,0.745974468,0.248810606,0.675773714,0.535453784,0.050561893,0.990983294,0.221563092,0.969464688,0.302614928,0.056015061,0.848110964,0.976829167,0.292123655
60,0.398724351,0.698657173,0.234139343,0.639630083,0.219301912,0.216151802,0.909763117,0.666597251,0.915924629,0.230593568,0.229771341,0.049657805,0.093800377
61,0.626259743,0.46237815,0.606075214,0.082210425,0.089681932,0.186830866,0.861881618,0.290901448,0.027420599,0.43350934,0.243343221,0.229267087,0.369232705
62,0.08224694,0.764613304,0.559517845,0.416290485,0.768034614,0.559893974,0.069017786,0.032126433,0.007388377,0.057186213,0.224036097,0.602922539,0.549257461
63,0.616147969,0.369956148,0.0988867,0.669231769,0.869431506,0.607966358,0.025668414,0.48187943,0.172381748,0.295387984,0.153246272,0.824777742,0.40116616
64,0.13782504,0.962850449,0.607586479,0.199142982,0.166201792,0.549361105,0.759904653,0.91658877,0.327470072,0.31948454,0.082283666,0.876713385,0.527921368
65,0.361637313,0.101363348,0.433042096,0.704226099,0.393896161,0.560936601,0.122252307,0.394963437,0.650996007,0.934524709,0.319985891,0.01440577,0.725161821
66,0.151858774,0.493650691,0.988896148,0.74350749,0.24565851,0.690583002,0.530531797,0.095743967,0.553931414,0.875979592,0.659122737,0.75139912,0.254130534
67,0.591632904,0.756764331,0.083091603,0.519866779,0.005314331,0.025208264,0.326559572,0.637760499,0.670322803,0.368959237,0.62411059,0.9722064,0.703460485
68,0.777631637,0.352751848,0.351491073,0.972703729,0.094214148,0.399475275,0.165908302,0.047035187,0.13673206,0.739813901,0.174105189,0.645779223,0.345455396
69,0.712641881,0.826794577,0.621350337,0.083864142,0.420107573,0.688989159,0.246869113,0.672756172,0.833443259,0.989672942,0.044942111,0.361861119,0.883020181
70,0.000302669,0.174648266,0.592817999,0.951789049,0.899993155,0.542058348,0.444373174,0.595408276,0.745178837,0.250470862,0.111720576,0.477672082,0.415782057
71,0.061790223,0.394986952,0.629302384,0.654819088,0.353743565,0.092465509,0.358519321,0.777840537,0.745523077,0.499720129,0.57272112,0.075305437,0.486355143
72,0.793903693,0.290512524,0.965420533,0.307543287,0.139023684,0.596636314,0.185489292,0.32249904,0.324147147,0.548980463,0.535360467,0.062532204,0.084349176
73,0.738269528,0.344662632,0.320001913,0.253977373,0.737258462,0.670753852,0.106396317,0.700853198,0.848221368,0.722991793,0.128502382,0.45968404,0.841877331
74,0.408914418,0.87629458,0.606993058,0.488252913,0.671766957,0.687594799,0.48853918,0.564038496,0.883917986,0.392842314,0.466971908,0.505970231,0.243694938
75,0.17028655,0.329810462,0.809622909,0.919767797,0.125524905,0.052160969,0.329510899,0.629908411,0.223325312,0.371505075,0.169661717,0.014831581,0.014657693
76,0.50936282,0.959590901,0.91355348,0.3238654,0.724878915,0.281014623,0.709654036,0.126407812,0.583556481,0.164920263,0.403446791,0.861831685,0.670171591
77,0.62631845,0.452171239,0.493233572,0.501660314,0.362806232,0.384334486,0.189551338,0.476454635,0.35337269,0.313087904,0.01759116,0.150831062,0.074308865
78,0.076896701,0.606998743,0.661243534,0.367455023,0.161098685,0.368010597,0.004039318,0.376985349,0.104357282,0.359510988,0.18189958,0.120568324,0.349594708
79,0.718938466,0.249092611,0.177238463,0.120134942,0.648969368,0.292721897,0.006681107,0.647802366,0.017090253,0.040535023,0.990905036,0.650955176,0.035258768
80,0.130396766,0.773148183,0.362902305,0.810529137,0.251935257,0.810708076,0.082981065,0.335641283,0.385582642,0.58514412,0.869693681,0.47314876,0.886019148
81,0.522167151,0.54422584,0.489048614,0.690742676,0.478876852,0.885992685,0.215413272,0.019104746,0.232378925,0.519905627,0.692637075,0.773241057,0.363890796
82,0.043125214,0.82267039,0.103357058,0.542543645,0.262763895,0.6269767,0.326299372,0.116426216,0.039811721,0.37174733,0.016433503,0.102677653,0.727578319
83,0.716775753,0.801030867,0.596674976,0.837828988,0.263277018,0.4575686,0.896988842,0.720093269,0.53779936,0.755889895,0.075016353,0.64885062,0.622146249
84,0.231355548,0.181528917,0.473535333,0.054155323,0.60188548,0.457237495,0.121528334,0.722545045,0.588039933,0.225032741,0.585946855,0.808989999,0.484952806
85,0.543877434,0.557067805,0.767991568,0.661493851,0.673968959,0.501616098,0.516281358,0.749622967,0.428513084,0.778227577,0.482190394,0.598634738,0.768121484
86,0.123163448,0.243545436,0.225871299,0.049554629,0.831774207,0.614008243,0.435006971,0.566927474,0.287890663,0.620222522,0.615086556,0.124366338,0.818287299
87,0.155874368,0.764997318,0.689114377,0.32006244,0.563022749,0.662682535,0.700666398,0.243737955,0.865415532,0.939800996,0.531877181,0.04822565,0.355353317
88,0.537327389,0.345881421,0.052912692,0.383711768,0.09793847,0.724060329,0.705821051,0.113669427,0.366244557,0.120622532,0.890483444,0.031192262,0.458676858
89,0.651113008,0.964883507,0.724553743,0.712570766,0.577164028,0.502305908,0.935346347,0.491370648,0.45638613,0.47858124,0.042087947,0.379608555,0.799816048
90,0.692450774,0.592057191,0.134654031,0.838068017,0.243141873,0.736677656,0.002601674,0.556588033,0.08728207,0.633252068,0.298036611,0.404010807,0.860833948
91,0.695686717,0.276576488,0.084411518,0.654011934,0.423415255,0.91300217,0.596319453,0.166459185,0.226635554,0.353428361,0.275597141,0.106689545,0.626557323
92,0.10727399,0.772544617,0.072120034,0.36372229,0.263641833,0.296896292,0.261143122,0.811899823,0.865297549,0.232002528,0.905552109,0.123355036,0.518054912
93,0.910938514,0.410605154,0.231537748,0.829191051,0.749671294,0.403276367,0.702564062,0.977531443,0.917808383,0.59625083,0.748385706,0.023333268,0.522306687
94,0.853725785,0.472883155,0.180910453,0.087934787,0.290454086,0.958139817,0.337051376,0.629491763,0.100520722,0.633497217,0.995070882,0.625285171,0.977790369
95,0.860193932,0.365342013,0.353958122,0.485618505,0.119420582,0.913282873,0.235299421,0.66642569,0.674027469,0.180417708,0.217764429,0.816653642,0.828761977
96,0.303955643,0.796162201,0.899690493,0.259534078,0.05820154,0.949589301,0.86310875,0.665142007,0.573416082,0.544661081,0.739400192,0.472873181,0.801475246
97,0.376464221,0.066422757,0.369463583,0.859586253,0.280596474,0.446628238,0.814880427,0.578138462,0.972807141,0.235817179,0.586850012,0.947109044,0.240033738
98,0.34374477,0.325898481,0.567791046,0.053868157,0.787040912,0.187237285,0.649086846,0.032977215,0.828493422,0.178936854,0.460000666,0.859364031,0.405666356
99,0.236285523,0.856092799,0.630056985,0.364537751,0.63243604,0.759308854,0.229785389,0.236831332,0.905631066,0.385523238,0.630831005,0.991525775,0.141758818
100,0.391696741,0.185786598,0.025122036,0.582712797,0.307988541,0.136490272,0.778375749,0.728002806,0.935583073,0.408894571,0.192732958,0.124533754,0.073504644
101,0.993259786,0.672770884,0.396980153,0.46324959,0.846181101,0.976417045,0.363299987,0.823334506,0.748522699,0.475866248,0.345124176,0.496230598,0.006204314
102,0.166264367,0.487698489,0.647019338,0.90685984,0.375141556,0.841660188,0.278670816,0.667131716,0.241664595,0.316764561,0.151729143,0.205851392,0.558711858
103,0.833450484,0.177440276,0.018203492,0.943160258,0.98932259,0.806157046,0.28346389,0.374009882,0.570051127,0.416955719,0.022405426,0.949467295,0.169747571
104,0.856229583,0.880076833,0.135627344,0.117975673,0.524708936,0.736759908,0.822787654,0.601110524,0.863568885,0.641744526,0.559277932,0.044473384,0.862961335
105,0.079084001,0.750191564,0.440478137,0.592186618,0.007103059,0.546960689,0.363494254,0.611575584,0.348186436,0.183011501,0.248122154,0.798402638,0.031562882
106,0.927408566,0.198728415,0.990518973,0.984651121,0.620619424,0.206209008,0.386370722,0.181756978,0.206805828,0.684362526,0.971013263,0.954846244,0.783835519
107,0.34050107,0.168829819,0.580472861,0.701929469,0.69611976,0.840633051,0.729062613,0.641879507,0.190937665,0.367718963,0.978395316,0.781151959,0.586589443
108,0.359883762,0.291393246,0.104982032,0.936566489,0.933785023,0.169111929,0.360454549,0.978496365,0.015579707,0.768723058,0.963502896,0.743143586,0.704814466
109,0.588599688,0.240795546,0.791183348,0.389629353,0.561065964,0.29324194,0.125090011,0.682787646,0.529044254,0.967798125,0.979986493,0.093040215,0.488946622
110,0.483288606,0.750490643,0.96170373,0.903241808,0.824768289,0.119765311,0.780286929,0.65134545,0.382925526,0.194985307,0.048478517,0.373958766,0.584726898
111,0.701318428,0.326401057,0.563289755,0.729594491,0.079488535,0.39782224,0.926828775,0.56142282,0.796288831,0.355009343,0.323439245,0.766927213,0.244856889
112,0.829710112,0.292171443,0.126017846,0.200382352,0.843685427,0.080487559,0.566834723,0.272779763,0.144512365,0.057803013,0.579893178,0.311784253,0.836183469
113,0.682726682,0.808070522,0.044474051,0.896172687,0.612121575,0.207334291,0.489700569,0.048057543,0.474464369,0.236611368,0.79527387,0.458320538,0.113809876
114,0.847316975,0.910099944,0.865741356,0.655768001,0.413613391,0.997845225,0.472263195,0.548988001,0.834670625,0.058474592,0.398654543,0.274713645,0.358463409
115,0.810275777,0.440279449,0.884797678,0.042706226,0.273497148,0.925545452,0.010737318,0.46975402,0.065230217,0.339734957,0.643422576,0.817168082,0.416616746
116,0.635395795,0.508179623,0.41793504,0.18503011,0.740269522,0.716521836,0.358894968,0.184773644,0.562067281,0.149822403,0.585259646,0.736021294,0.365804334
117,0.058109971,0.851622981,0.98399354,0.845883732,0.11306331,0.735812145,0.115069294,0.75008453,0.941376112,0.914999742,0.595813039,0.60180948,0.573577819
118,0.590210087,0.696141821,0.676864758,0.729603561,0.636308538,0.131922241,0.158603506,0.65559009,0.676015405,0.263707796,0.129437378,0.978919303,0.486459515
119,0.458881735,0.185269969,0.316934625,0.092515265,0.946064865,0.860566275,0.180571176,0.66967755,0.750028423,0.73417499,0.265642675,0.464978674,0.533227114
120,0.002763974,0.435005617,0.774109765,0.334734155,0.807343688,0.660505854,0.927862153,0.231341366,0.271272364,0.580602364,0.317743484,0.925621101,0.687171725
121,0.683869733,0.110507649,0.781684614,0.293844808,0.854465514,0.546950938,0.229271318,0.85716403,0.639000583,0.868175163,0.952792911,0.251194534,0.862386023
122,0.171236669,0.881237249,0.688356584,0.46489684,0.049528132,0.23783039,0.058762475,0.322788222,0.268495101,0.950148705,0.043453978,0.271477668,0.82381835
123,0.134985678,0.238019568,0.38404608,0.705715448,0.706036433,0.724539734,0.409414332,0.985796888,0.091643781,0.693391342,0.277477859,0.569689384,0.853897776
124,0.937112763,0.246426308,0.987657946,0.339449178,0.000127274,0.466004023,0.220767752,0.24989307,0.552351534,0.819161734,0.441296965,0.960549876,0.23316268
125,0.143275215,0.091243895,0.984220995,0.041476565,0.173773062,0.459521419,0.994826379,0.470413381,0.059781622,0.537233387,0.976047496,0.198839853,0.540310134
126,0.721325859,0.264328685,0.790814314,0.683228262,0.444643788,0.106172847,0.996020549,0.711298756,0.25231914,0.374978455,0.51784256,0.107504698,0.374927767
127,0.628244711,0.782366422,0.398182766,0.594286355,0.788318828,0.410385135,0.171462819,0.684131466,0.525429992,0.699263448,0.246967574,0.229608584,0.956661419
128,0.568700934,0.144233698,0.628431063,0.154507617,0.969077687,0.97941356,0.062770251,0.304394763,0.591554493,0.745535746,0.508502376,0.235266843,0.24670513
129,0.110926024,0.228027427,0.055032132,0.055032851,0.817261223,0.170571266,0.188752056,0.386424791,0.987990375,0.399891457,0.871212773,0.452399816,0.50868916
130,0.74265231,0.579138822,0.58162472,0.581183015,0.761457006,0.354845636,0.190084024,0.293015863,0.643780765,0.121393121,0.434183102,0.428431224,0.356257431
131,0.238478005,0.40192972,0.968105042,0.755834651,0.268405227,0.674884455,0.047695432,0.340624784,0.713045723,0.809428947,0.261971754,0.315062548,0.279767463
132,0.164938577,0.043059746,0.688166028,0.013304301,0.617501583,0.664341653,0.087964803,0.526722007,0.997855232,0.2497513,0.590967418,0.409999025,0.40359384
133,0.743997229,0.757373404,0.242996324,0.999638444,0.348009868,0.776576701,0.315831413,0.041295206,0.403414851,0.692207951,0.504518495,0.130887801,0.786281614
134,0.31845476,0.018237801,0.151897365,0.95036458,0.430269012,0.970686048,0.050519011,0.340236674,0.864378456,0.165196882,0.377846356,0.614327531,0.868482685
135,0.609802538,0.02618811,0.634186424,0.923791274,0.016589049,0.326309294,0.524192478,0.271555402,0.678053585,0.573036014,0.253788157,0.83721996,0.455317702
136,0.487739025,0.941936743,0.602369799,0.809838665,0.880898335,0.91149116,0.512441772,0.567501482,0.553925291,0.037829293,0.004180252,0.660446135,0.551760246
137,0.169604921,0.968317698,0.090078597,0.817082803,0.875386255,0.896164814,0.061839665,0.430567159,0.609413191,0.767943491,0.164522915,0.596438842,0.554456564
138,0.775975523,0.700171205,0.400783141,0.062737117,0.325432048,0.586593574,0.800118242,0.844255616,0.596647722,0.487329897,0.457564918,0.688377377,0.442255437
139,0.195080331,0.140992417,0.04576884,0.546303303,0.187509257,0.261160203,0.772399275,0.532594275,0.527424365,0.498506044,0.040906262,0.689374324,0.904661096
140,0.198261856,0.359555782,0.464047224,0.356940166,0.445948374,0.55746059,0.160002108,0.424163498,0.446114706,0.691846914,0.879615304,0.522892411,0.62696811
141,0.979280363,0.655418908,0.592225252,0.886503707,0.576122589,0.252711272,0.543342184,0.509946386,0.618749943,0.809921954,0.636891675,0.126830024,0.863808555
142,0.332850458,0.375569393,0.102475296,0.547739068,0.601129238,0.914671868,0.084401265,0.251799079,0.179001237,0.971035232,0.98854234,0.047558337,0.51839054
143,0.414279015,0.931330826,0.985684655,0.306695348,0.866526147,0.515230731,0.446136712,0.249774937,0.611810584,0.681809084,0.338179964,0.804007835,0.180166613
144,0.348802454,0.563443027,0.969230993,0.945456849,0.343981682,0.585718742,0.822660838,0.388906832,0.841380762,0.789564785,0.331604101,0.042538081,0.594280863
145,0.555862732,0.342722247,0.917789005,0.014913907,0.634267193,0.005977443,0.969804147,0.495130308,0.23121945,0.397647628,0.436159954,0.975297439,0.85566072
146,0.711775493,0.610192153,0.346288277,0.645361072,0.842991722,0.278590752,0.843683716,0.920831478,0.262109439,0.495939159,0.415495455,0.714862342,0.865547767
147,0.91998432,0.62674135,0.049922728,0.513683849,0.721548427,0.503433544,0.403291291,0.153612846,0.861383346,0.810444166,0.963487814,0.879226307,0.407348639
148,0.693588909,0.985598856,0.561116652,0.714575915,0.353638324,0.092363113,0.517929711,0.409156679,0.464957542,0.18996406,0.267220203,0.258577605,0.789167724
149,0.884342327,0.244772338,0.967626486,0.075965093,0.866207373,0.173097893,0.87176154,0.715779642,0.371249436,0.731634925,0.926585777,0.783762348,0.068424053
150,0.737062324,0.207679049,0.90209048,0.744905254,0.652087999,0.287471351,0.392622742,0.117618754,0.978247174,0.119088793,0.898669342,0.798234889,0.805312144
151,0.956248254,0.067694114,0.987392838,0.335920338,0.931659488,0.63955998,0.197277918,0.333131326,0.183516558,0.925688828,0.74447369,0.164715935,0.951068331
152,0.608167818,0.876925145,0.666853911,0.784226223,0.082188103,0.48759913,0.674137623,0.023599612,0.728350897,0.622261022,0.450674078,0.550021613,0.182709056
153,0.091764184,0.802819843,0.235726571,0.436988723,0.176673489,0.339888126,0.008217923,0.932492891,0.355762599,0.777211142,0.901299768,0.695496004,0.526251693
154,0.205488585,0.146629174,0.477997507,0.067711916,0.829001795,0.749538399,0.993128727,0.252654545,0.459434588,0.475174413,0.065931531,0.272312721,0.889020451
155,0.848798902,0.573342009,0.174372439,0.655608522,0.269643068,0.614026912,0.047867588,0.031713229,0.42501506,0.236623293,0.096525767,0.900211368,0.699503425
156,0.732896423,0.144385085,0.072697712,0.303602475,0.531938299,0.195479048,0.483944778,0.979599306,0.663357271,0.788148716,0.260327358,0.016623185,0.723984786
157,0.194114817,0.119503975,0.05399542,0.138623239,0.29943711,0.83127267,0.098625326,0.509984275,0.551350823,0.316050927,0.148168831,0.247966249,0.479047513
158,0.307842861,0.701125681,0.477415672,0.247042878,0.614456783,0.642354357,0.611027921,0.336512296,0.477143049,0.079733926,0.389552879,0.009171105,0.149928016
159,0.900228538,0.453582007,0.847362652,0.182683163,0.958612989,0.023428117,0.476577,0.626996495,0.369629124,0.681978361,0.831304457,0.539099265,0.013290929
160,0.782215664,0.750159629,0.050020799,0.642991792,0.798489112,0.551935425,0.742371391,0.691900024,0.699520574,0.494204038,0.440001235,0.463936955,0.628595862
161,0.888308938,0.651626237,0.900058204,0.688482055,0.334293492,0.970003998,0.586684946,0.33136456,0.772936764,0.963531772,0.682168196,0.061041614,0.517961556
162,0.893785226,0.279192691,0.081621664,0.248359795,0.297173496,0.619559607,0.35366481,0.559036696,0.203989167,0.053967147,0.900232773,0.676047853,0.990030646
163,0.459868075,0.517172643,0.490545858,0.061846211,0.633039308,0.122735472,0.089789997,0.884798537,0.438147367,0.536945097,0.172111165,0.353247824,0.953296815
164,0.278075953,0.817537607,0.744571133,0.970130685,0.029477225,0.014100361,0.542166654,0.55567529,0.262413462,0.341581815,0.882445506,0.251929739,0.698671185
165,0.014548751,0.785230109,0.513161043,0.41482754,0.716071396,0.205024186,0.242251557,0.777072938,0.333796648,0.501469237,0.205250988,0.002422462,0.727519659
166,0.99610861,0.989308092,0.069572799,0.155108905,0.542028509,0.187668562,0.310101654,0.174756299,0.764637661,0.451999053,0.620215851,0.864684252,0.932331575
167,0.393120483,0.912379061,0.934288541,0.573541544,0.900630137,0.956612579,0.58572411,0.369023165,0.989701149,0.1095704,0.219119961,0.686864802,0.70408008
168,0.696981856,0.633012805,0.691143328,0.085951376,0.747463215,0.455662336,0.455112821,0.201657768,0.928167563,0.254307495,0.670561805,0.284047584,0.354638154
169,0.317718697,0.789905186,0.011678818,0.991480961,0.300930658,0.114507325,0.10940471,0.05923359,0.364741292,0.272233835,0.400834754,0.062110313,0.561611082
170,0.603347126,0.795122522,0.872758566,0.701775507,0.680552188,0.712247335,0.746958247,0.338794347,0.629171866,0.133245313,0.862511591,0.372777401,0.864862308
171,0.308484601,0.837075195,0.643258856,0.045895091,0.250675039,0.224333926,0.361155685,0.308976786,0.81415168,0.662466689,0.741646359,0.590788684,0.814659554
172,0.263362714,0.155357873,0.609792053,0.88087034,0.212560083,0.550672309,0.822275185,0.436577197,0.489897021,0.162623781,0.686903189,0.999693591,0.52448377
173,0.89860396,0.843076877,0.914070446,0.235148337,0.125410836,0.254803214,0.691877177,0.158378426,0.015914621,0.15449084,0.624422027,0.31710861,0.376442857
174,0.167334691,0.021236847,0.988590336,0.930243868,0.4591231,0.270221832,0.849241646,0.382530889,0.491482937,0.321108397,0.721781221,0.594688664,0.16264512
175,0.215081027,0.188749626,0.428169185,0.115842682,0.824557441,0.224886285,0.185974956,0.005735062,0.475272227,0.432465584,0.032527784,0.382233217,0.692168552
176,0.117784175,0.241908415,0.760263849,0.311242767,0.283161522,0.487262055,0.161134707,0.841893377,0.889695042,0.110883966,0.976756992,0.60738067,0.908016836
177,0.007656634,0.21421403,0.70312941,0.150221599,0.864929067,0.60019247,0.699605902,0.846634033,0.190214012,0.144480601,0.340722216,0.755498575,0.326369947
178,0.760275115,0.001644003,0.828261219,0.872781148,0.872482108,0.721531831,0.090565241,0.06657466,0.421051495,0.905816706,0.516303539,0.37914965,0.140361016
179,0.939283957,0.494859994,0.02085776,0.327701562,0.226185638,0.928261412,0.443707541,0.734170166,0.279861458,0.693236631,0.657443336,0.602705741,0.384939984
180,0.540818747,0.62283576,0.196514236,0.744520956,0.801266171,0.817411011,0.136756407,0.994676476,0.471921261,0.843435149,0.417259563,0.014437472,0.643857558
181,0.263324443,0.277416684,0.146846231,0.903668221,0.069617239,0.873493702,0.521938177,0.312047441,0.489317439,0.351312313,0.663240222,0.666486848,0.458365173
182,0.839200174,0.130224502,0.844367786,0.983307365,0.361743566,0.606277677,0.736945058,0.218589734,0.414522093,0.052539556,0.803760021,0.003368421,0.49827301
183,0.605030766,0.295727199,0.1979653,0.341255098,0.210497258,0.339165134,0.428454843,0.788418739,0.900342674,0.285629915,0.426960875,0.62247454,0.773093175
184,0.349572954,0.192198705,0.886676736,0.945529686,0.650057898,0.473328904,0.63156868,0.709690152,0.15247129,0.80105187,0.857377117,0.547046784,0.182190063
185,0.535163695,0.484532425,0.204159171,0.592960283,0.283266245,0.227913394,0.923258387,0.091064336,0.544220013,0.901232427,0.464534825,0.973793498,0.925606011
