time,date,animal_price_53,citrus_pulp,corn_grain,soybean_meal,urea,ammonium_sulfate_50kg,ammonium_sulfate_1ton,boi_magro,calcium_phosphate,calf,cal_hidratada_8kg,cal_hidratada_20kg,cottonseed_meal_25kg,cottonseed_meal_28pb_50kg,cottonseed_whole,nucleo_mineral,soybean_hulls,sugarcane_bagasse,wheat_meal_0pb_40kg,wheat_meal_12pb_40kg,wheat_meal_14pb_30kg,wheat_meal_14pb_40kg
1,ago/04,1000,1000,1000,1000,1000,1000,1000,1000000,1000,1000000,1000,1000,1000,1000,1000,0.8,1000,1000,1000,1000,1000,1000
2,set/04,1000,1000,1000,1000,1000,1000,1000,1000000,1000,1000000,1000,1000,1000,1000,1000,0.776,1000,1000,1000,1000,1000,1000
3,out/04,1000,1000,1000,1000,1000,1000,1000,1000000,1000,1000000,1000,1000,1000,1000,1000,0.8,1000,1000,1000,1000,1000,1000
4,nov/04,1000,1000,1000,1000,1000,1000,1000,1000000,1000,1000000,1000,1000,1000,1000,1000,0.872,1000,1000,1000,1000,1000,1000
5,dez/04,1000,1000,1000,1000,1000,1000,1000,1000000,1000,1000000,1000,1000,1000,1000,1000,0.872,1000,1000,1000,1000,1000,1000
6,jan/05,1000,1000,1000,1000,1000,1000,1000,1000000,1000,1000000,1000,1000,1000,1000,1000,0.872,1000,1000,1000,1000,1000,1000
7,fev/05,1000,1000,1000,1000,1000,1000,1000,1000000,1000,1000000,1000,1000,1000,1000,1000,0.8712,1000,1000,1000,1000,1000,1000
8,mar/05,1000,1000,1000,1000,1000,1000,1000,1000000,1000,1000000,1000,1000,1000,1000,1000,0.8712,1000,1000,1000,1000,1000,1000
9,abr/05,1000,1000,1000,1000,1000,1000,1000,1000000,1000,1000000,1000,1000,1000,1000,1000,1000,1000,1000,1000,1000,1000,1000
10,mai/05,1000,1000,1000,1000,1000,1000,1000,1000000,1000,1000000,1000,1000,1000,1000,1000,1000,1000,1000,1000,1000,1000,1000
11,jun/05,1000,1000,1000,1000,1000,1000,1000,1000000,1000,1000000,1000,1000,1000,1000,1000,1000,1000,1000,1000,1000,1000,1000
12,jul/05,1000,1000,1000,1000,1000,1000,1000,1000000,1000,1000000,1000,1000,1000,1000,1000,1000,1000,1000,1000,1000,1000,1000
13,ago/05,1000,1000,1000,1000,1000,1000,1000,1000000,1000,1000000,1000,1000,1000,1000,1000,0.996,1000,1000,1000,1000,1000,1000
14,set/05,1000,1000,1000,1000,1000,1000,0.505333333,1000000,1000,1000000,1000,1000,1000,0.443,1000,0.98,1000,1000,1000,0.3025,1000,1000
15,out/05,1000,1000,1000,1000,1000,1000,1000,1000000,1000,1000000,1000,1000,1000,0.443,1000,0.996,1000,1000,1000,0.279375,1000,1000
16,nov/05,1000,1000,1000,1000,1000,1000,0.53,1000000,1000,1000000,1000,1000,1000,0.443,1000,0.996,1000,1000,1000,0.315833333,1000,1000
17,dez/05,1000,1000,1000,1000,1000,1000,0.53,1000000,1000,1000000,1000,1000,1000,0.443,1000,0.996,1000,1000,1000,0.304166667,1000,1000
18,jan/06,1000,1000,1000,1000,1000,1000,0.50325,1000000,1.06,1000000,1000,1000,1000,0.564,1000,0.996,1000,1000,1000,0.295833333,1000,1000
19,fev/06,1000,1000,1000,1000,1000,1000,0.494,1000000,1.06,1000000,1000,1000,1000,0.326,1000,0.96,1000,1000,1000,0.2,1000,1000
20,mar/06,1000,1000,1000,1000,1000,1000,0.462166667,1000000,1.06,1000000,1000,1000,1000,0.445,1000,0.996,1000,1000,1000,0.224375,1000,1000
21,abr/06,1000,1000,1000,1000,1000,1000,0.472666667,1000000,1000,1000000,1000,1000,1000,1000,1000,0.996,1000,1000,1000,0.275,1000,1000
22,mai/06,1000,1000,1000,1000,1000,1000,0.471166667,1000000,1.02,1000000,1000,1000,1000,0.29,1000,1000,1000,1000,1000,0.2275,1000,1000
23,jun/06,1000,1000,1000,1000,1000,1000,0.468333333,1000000,1.02,1000000,1000,1000,1000,0.298,1000,0.996,1000,1000,1000,0.2975,1000,1000
24,jul/06,1000,1000,1000,1000,1000,1000,0.464833333,1000000,1000,1000000,1000,1000,1000,1000,1000,0.996,1000,1000,1000,1000,1000,1000
25,ago/06,1000,1000,1000,1000,1000,1000,0.494714286,1000000,1.02,1000000,1000,1000,1000,0.378,1000,0.996,1000,1000,1000,0.2875,1000,1000
26,set/06,1000,1000,1000,1000,1000,1000,0.499142857,1000000,1.02,1000000,1000,1000,1000,0.39,1000,0.96,1000,1000,1000,0.375,0.296666667,1000
27,out/06,1000,1000,1000,1000,1000,1000,0.5142,1000000,1000,1000000,1000,1000,1000,1000,1000,1,1000,1000,1000,0.4,1000,1000
28,nov/06,1000,1000,1000,1000,1000,1000,0.5438,1000000,1000,1000000,1000,1000,1000,0.39,1000,1,1000,1000,1000,0.375,0.35,1000
29,dez/06,1000,1000,1000,1000,1000,1000,0.57075,1000000,1.02,1000000,1000,1000,1000,0.378,1000,1,1000,1000,1000,0.35,0.33,1000
30,jan/07,1000,1000,1000,1000,1000,1000,0.575333333,1000000,1.02,1000000,1000,1000,1000,1000,1000,1000,1000,1000,1000,0.375,0.316666667,1000
31,fev/07,1000,1000,1000,1000,1000,1000,0.681,1000000,1.02,1000000,1000,1000,1000,0.338,1000,1,1000,1000,1000,0.4,0.316666667,1000
32,mar/07,1000,1000,1000,1000,1.3546,1000,0.677,1000000,1000,1000000,1000,1000,1000,0.378,1000,1000,1000,1000,1000,0.4,0.35,1000
33,abr/07,1000,0.25,1000,1000,1.364,1000,0.695,1000000,1.02,1000000,1000,1000,1000,0.378,1000,1000,1000,1000,1000,0.45,0.35,1000
34,mai/07,1000,0.21,1000,1000,1.364,1000,0.6775,1000000,1.02,1000000,1000,1000,1000,0.398,1000,1000,1000,1000,1000,0.4,0.35,1000
35,jun/07,1000,0.21,1000,1000,1.364,1000,0.62,1000000,1.04,1000000,1000,1000,1000,0.398,1000,1000,1000,1000,1000,0.4,0.36,1000
36,jul/07,1000,0.21,1000,1000,1.2,1000,0.618,1000000,1.04,1000000,1000,1000,1000,0.398,1000,1000,1000,1000,1000,0.425,0.36,1000
37,ago/07,1000,0.2425,1000,1000,1.2,1000,0.603,1000000,1.04,1000000,1000,1000,1000,0.398,1000,1000,1000,1000,1000,0.38125,0.36,1000
38,set/07,1000,0.2425,1000,1000,1.194,1000,0.634,1000000,1.04,1000000,1000,1000,1000,0.472,1000,1000,1000,1000,1000,0.38125,0.396666667,1000
39,out/07,1000,0.26,1000,1000,1.194,1000,0.67475,1000000,1.04,1000000,1000,1000,1000,0.538,1000,1000,1000,1000,1000,0.425,0.396666667,1000
40,nov/07,1000,0.2975,1000,1000,1.42,1000,0.67675,1000000,1.04,1000000,1000,1000,1000,0.578,1000,1000,1000,1000,1000,0.575,1000,1000
41,dez/07,1000,0.315,1000,1000,1.42,1000,0.74625,1000000,1.12,1000000,1000,1000,1000,0.578,1000,1000,1000,1000,1000,0.625,1000,1000
42,jan/08,1000,0.343333333,1000,1000,1.42,1000,0.813333333,1000000,1.12,1000000,1000,1000,1000,0.578,1000,1000,1000,1000,1000,0.504166667,0.583333333,1000
43,fev/08,1000,0.343333333,1000,1000,1.42,1000,0.823333333,1000000,1000,1000000,1000,1000,1000,0.578,1000,1000,1000,1000,1000,0.5375,0.583333333,1000
44,mar/08,1000,0.35,1000,1000,1.42,1000,0.822333333,1000000,1000,1000000,1000,1000,1000,0.598,1000,1000,1000,1000,1000,0.625,0.55,1000
45,abr/08,1000,0.326,1000,1000,1.42,1000,0.824666667,1000000,2.56,1000000,1000,1000,1000,0.598,1000,1000,1000,1000,1000,0.625,0.55,1000
46,mai/08,1000,0.33,1000,1000,1.42,1000,0.947333333,1000000,2.38,1000000,1000,1000,1000,1000,1000,1000,1000,1000,1000,0.585,0.55,1000
47,jun/08,1000,0.375,1000,1000,1.42,1000,1.014,1000000,2.38,1000000,1000,1000,1000,1000,1000,1000,1000,1000,1000,0.625,0.55,1000
48,jul/08,1000,0.383333333,1000,1000,2.2,1000,1.051,1000000,2.78,1000000,1000,1000,1000,1000,1000,1000,1000,1000,1000,0.625,0.55,1000
49,ago/08,1000,0.375,1000,1000,2.03472,1000,1.107666667,1000000,2.84,1000000,1000,1000,1000,1000,1000,1000,1000,1000,1000,0.625,0.66,1000
50,set/08,1000,0.358333333,1000,1000,2.00944,1000,0.963666667,1000000,2.84,1000000,1000,1000,1000,1000,1000,1000,1000,1000,1000,0.625,0.63,1000
51,out/08,1000,0.358333333,1000,1000,2.00944,1000,1.102666667,1000000,2.84,1000000,1000,1000,1000,1000,1000,1000,1000,1000,1000,0.575,0.63,1000
52,nov/08,1000,0.268333333,1000,1000,2.4274,1000,0.961975,1000000,1000,1000000,1000,1000,1000,1000,1000,1000,1000,1000,1000,0.45,1000,1000
53,dez/08,1000,0.23875,1000,1000,2.1755,1000,0.62375,1000000,1000,1000000,1000,1000,1000,1000,1000,1000,1000,1000,1000,0.45,1000,1000
54,jan/09,3.092017196,0.255,0.388928571,0.855764211,2.1655,1000,0.61,1000000,1000,623.76,1000,1000,1000,1000,1000,1000,1000,1000,1000,0.5,1000,1000
55,fev/09,3.001063657,0.2825,0.366490741,0.914135294,1.966,1000,0.65,1000000,2.84,623.1,1000,1000,1000,1000,1000,1000,1000,1000,1000,1000,0.45,1000
56,mar/09,2.854053346,0.27,0.3395,0.74776,1.625333333,1000,0.652366667,1000000,1000,630.41,1000,1000,1000,1000,1000,1000,1000,1000,1000,0.5,0.416666667,1000
57,abr/09,2.945659028,0.2935,0.349916667,0.786847143,1.409,1000,0.81,1000000,1000,643.12,1000,1000,1000,0.46,1000,1000,1000,1000,1000,1000,0.316666667,1000
58,mai/09,2.9249375,0.24,0.36635,0.866461,1.4393,1000,0.62,1000000,1000,624.85,1000,1000,1000,0.415,1000,1000,1000,1000,1000,0.5,0.45,0.425
59,jun/09,3.006137566,0.21,0.36565873,0.85253,1.373333333,1000,0.5708,1000000,1000,637.19,1000,1000,1000,0.66,1000,1000,1000,1000,1000,0.55,0.45,0.475
60,jul/09,3.028193813,0.2325,0.3375,0.80607,1.3228,1000,0.614,1000000,1.32,633.01,1000,1000,1000,0.66,1000,1000,1000,1000,1000,0.55,0.495,0.5
61,ago/09,2.907060516,0.268333333,0.318452381,0.81027619,1.3375,1000,0.56,1000000,1.32,607.15,1000,1000,1000,0.66,1000,1000,1000,1000,1000,0.55,0.43,0.5
62,set/09,2.89211045,0.24,0.314063492,0.814741429,1.32355,1000,0.519,1000000,1000,603.08,1000,1000,1000,0.7,1000,1000,1000,1000,1000,0.55,1000,0.5
63,out/09,2.893162037,0.23375,0.337241667,0.75557,1.31535,1000,0.537,1000000,1.38,592.12,1000,1000,1000,0.569,1000,1,1000,1000,1000,0.5975,0.463333333,0.45
64,nov/09,2.805602564,0.236666667,0.334591667,0.7424325,1.3109,1000,0.57,1000000,1000,593.48,1000,1000,1000,0.8,1000,1000,1000,1000,1000,1000,1000,0.4
65,dez/09,2.784542708,0.246666667,0.327708333,0.7657465,1.3049,1000,0.507666667,1000000,1.32,590.54,1000,1000,1000,0.8,1000,1000,1000,1000,1000,0.375,0.4,0.4
66,jan/10,2.832978819,0.25,0.322166667,0.7258425,1.30072,1000,0.60725,1000000,1000,594.93,1000,1000,1000,0.8,1000,1000,1000,1000,1000,0.425,1000,0.3225
67,fev/10,2.87541358,0.29,0.3005,0.66461,1.3953,1000,0.559,1000000,1000,603.67,1000,1000,1000,1000,1000,1000,1000,1000,1000,0.425,1000,1000
68,mar/10,2.940027778,0.264,0.302833333,0.54520913,1.3816,1000,0.66025,1000000,1000,638.95,1000,1000,1000,1000,1000,1000,1000,1000,1000,1000,1000,1000
69,abr/10,3.067301389,0.238333333,0.297333333,0.4991985,1.4779,1000,0.593333333,1000000,1000,696.38,1000,1000,1000,0.6,1000,1000,1000,1000,1000,0.45,1000,0.3375
70,mai/10,3.004529514,0.251,0.305849206,0.543510476,1.424,1000,0.59,1000000,1000,719.62,1000,1000,1000,0.6,1000,1000,1000,1000,1000,0.4125,1000,0.3375
71,jun/10,3.055124008,0.265833333,0.318690476,0.575929524,1.3726,1000,0.596666667,1000000,1000,707.78,1000,1000,1000,0.6,1000,1000,1000,1000,1000,0.4625,1000,0.3375
72,jul/10,3.127753638,0.246428571,0.308936508,0.606701905,1.3121,1000,0.52,1000000,1000,669.28,1000,1000,1000,0.62,1000,1000,1000,1000,1000,1000,1000,0.375
73,ago/10,3.293710764,0.203,0.337363636,0.658458636,1.243,1000,0.58,1000000,1000,653.75,1000,1000,1000,1000,1000,1000,1000,1000,1000,1000,1000,0.425
74,set/10,3.48035086,0.258,0.3995,0.66397,1.293,1000,0.636666667,1000000,1000,681.91,1000,1000,1000,0.64,1000,1000,1000,1000,1000,1000,1000,0.5
75,out/10,3.740916667,0.3275,0.413166667,0.693159,1.3276,1000,0.6525,1000000,1000,714.03,1000,1000,1000,1000,1000,1000,1000,1000,1000,1000,1000,1000
76,nov/10,4.238419526,0.346666667,0.464758333,0.7525255,1.4268,1000,0.699898,1000000,1000,703.32,1000,1000,1000,0.68,1000,1000,1000,1000,1000,0.6125,1000,0.5375
77,dez/10,3.902142526,0.35,0.465507937,0.778999048,1.6685,1000,0.7554,1000000,1000,702.21,1000,1000,1000,0.68,1000,1000,1000,0.051345828,1000,0.645,1000,0.525
78,jan/11,3.842131944,0.45,0.498865079,0.764670476,1.7315,1000,0.7926,1000000,1.5,696.3,1000,1000,1000,0.61,1000,1000,1000,1000,1000,0.6475,0.533333333,1000
79,fev/11,3.905934375,0.45,0.521233333,0.7194705,1.698,0.88,0.82425,1000000,1000,707.2,1000,1000,1000,0.76,1000,1000,1000,1000,1000,0.6875,1000,0.65
80,mar/11,3.881478836,0.45,0.515642857,0.643569048,1.7227,0.916,0.756,1000000,1000,743.39,1000,1000,1000,0.76,1000,1000,1000,1000,1000,0.65,1000,0.625
81,abr/11,3.892110015,0.4,0.490587719,0.597769474,1.7287,1000,0.687333333,1000000,1.5,770.54,1000,1000,1000,0.76,1000,1000,1000,1000,1000,0.65,0.493333333,0.575
82,mai/11,3.695645833,0.365,0.469287879,0.594860455,1.70056,0.868,0.64,1000000,1000,767.27,1000,1000,1000,1000,1000,1000,1000,1000,1000,0.625,1000,1000
83,jun/11,3.578113426,0.356666667,0.502777778,0.603601905,1.74506,0.86,0.7725,1000000,1.7,748.27,1000,1000,1000,0.605,1000,1000,1000,1000,1000,0.6725,0.53,0.5975
84,jul/11,3.656369048,0.33,0.495761905,0.602061429,1.75,0.926,0.79525,1000000,1.7,744.1,1000,1000,1.396,0.605,0.596666667,2.852,1000,1000,1000,0.675,0.533333333,0.5875
85,ago/11,3.679435386,0.352,0.49423913,0.612424783,1.8516,1.04,0.78175,1000000,1.7,734.11,1000,1000,1.396,0.605,0.596666667,2.772,1000,1000,1000,0.725,1000,0.59875
86,set/11,3.627993717,0.364,0.522365079,0.65417619,1.91456,1.05,0.784,1000000,1000,698.29,1000,1000,1.396,0.635,0.663333333,2.92,1000,1000,1000,1000,0.616666667,0.60125
87,out/11,3.672053472,0.3825,0.503116667,0.6366165,1.89184,1.02,0.8415,1000000,1000,721.06,1000,1000,1000,0.635,1000,1000,1000,1000,1000,1000,0.616666667,0.6
88,nov/11,3.907774653,0.325,0.488033333,0.605898,1.89712,1.04,0.81625,1000000,1000,732.59,1000,1000,1.42,0.76,0.663333333,1000,1000,1000,1000,1000,1000,0.6075
89,dez/11,3.739645202,0.303571429,0.461716667,0.605569,1.9212,0.84,0.838333333,1000000,1.7,724.22,1000,1000,1.42,0.615,0.663333333,1000,1000,0.038917315,1000,1000,0.5,0.6075
90,jan/12,3.595358696,0.36,0.508613636,0.674125909,1.76304,0.836,0.7645,1000000,1.7,709.59,1000,1000,1.356,0.585,0.643333333,1000,1000,1000,1000,1000,0.5,0.55125
91,fev/12,3.534979898,0.357857143,0.46477193,0.66269,1.80504,0.82,0.761,1000000,1000,710.15,1000,0.375,1000,0.66,1000,1000,1000,1000,1000,1000,0.5,0.5
92,mar/12,3.420892361,0.340833333,0.473189394,0.687138182,1.72744,1.046,0.762666667,1000000,1000,698.76,1000,0.395,1.316,0.559,0.736666667,1000,1000,1000,1000,1000,0.5,0.5025
93,abr/12,3.467819444,0.366,0.4224,0.784368,1.93352,1.046,0.783333333,1000000,1000,723.53,1000,0.395,1.46,0.599,0.736666667,2.612,1000,1000,1000,1000,0.5,0.5275
94,mai/12,3.469659722,0.37,0.407628788,0.887713636,1.9516,1.16,0.873333333,1000000,1000,710.74,1000,1000,1.676,0.65,0.816666667,2.612,1000,1000,1000,1000,0.533333333,0.54375
95,jun/12,3.443032318,0.3775,0.393975,0.955107,1.9516,1.15,0.883333333,1100,1000,705.34,1000,0.395,1.74,0.72,0.753333333,1000,1000,1000,1000,1000,0.533333333,0.56375
96,jul/12,3.383727513,0.367,0.476492063,1.132661818,2.012,1.3,0.8825,1123,1000,691.59,1000,0.395,1000,0.72,1000,1000,1000,1000,1000,1000,0.533333333,0.575
97,ago/12,3.344312802,0.3725,0.545934783,1.333924348,2.182,1.1,0.870666667,1165.9,1000,683.92,1000,0.395,1000,0.94,1000,1000,1000,1000,1000,1000,0.566666667,0.65
98,set/12,3.550147661,0.381666667,0.529640351,1.323699474,2.174,1.17,0.933333333,1109.06,1000,696.64,1000,0.395,2.196,0.98,0.83,1000,1000,1000,1000,1000,0.6,0.68
99,out/12,3.522760101,0.381666667,0.515522727,1.192306364,2.37,1.07,0.951666667,1095.77,1000,704.23,1000,0.395,1000,0.98,1000,1000,1000,1000,1000,1000,0.65,0.7125
100,nov/12,3.588688889,0.378333333,0.560833333,1.112468,2.25875,1.16,0.93,1179.33,1000,712.93,1000,0.395,2.196,1000,0.93,1000,1000,1000,0.7475,1000,0.65,0.7125
101,dez/12,3.544436343,0.393571429,0.576157407,1.108268333,2.2375,1.23,0.963333333,1212.52,1000,703.14,1000,0.395,2.196,0.98,0.916666667,1000,1000,1000,0.7475,1000,0.65,0.7125
102,jan/13,3.615660669,0.395714286,0.53825,1.012447273,2.205,1.28,0.970333333,1195.09,1000,709.82,1000,0.395,2.024,0.98,0.916666667,1000,1000,1000,0.7475,1000,0.65,0.6875
103,fev/13,3.629907022,0.43,0.531777778,0.903478889,2.1645,1.28,1.01,1231.81,1000,717.88,1000,0.395,2.012,0.98,1.02,1000,1000,1000,0.64875,1000,0.65,0.6875
104,mar/13,3.635518939,0.435,0.50475,0.792123,2.1773,1.14,1.045,1189.58,1000,759.42,1000,0.395,1.94,1000,0.965,2.4212,1000,1000,0.58,1000,1000,1000
105,abr/13,3.708460859,0.43,0.432772727,0.744911364,2.07,1.263,1.01,1217.08,1000,771.17,1000,0.395,1.78,0.96,1.031666667,2.4212,1000,1000,0.495,1000,0.5,0.6
106,mai/13,3.634636243,0.39,0.426190476,0.815404762,2.05,1.12,1,1240.55,1000,784.29,1000,0.42,1.78,0.98,0.99,2.4212,1000,1000,0.525,1000,0.533333333,1000
107,jun/13,3.663698611,0.385,0.433433333,1.0075545,2.041,1.25,1.045,1249.08,1000,787.53,1000,0.42,1000,1,0.99,1000,1000,1000,0.5475,1000,1000,1000
108,jul/13,3.78371149,0.347833333,0.410083333,1.069465652,2.071333333,1.25,0.9,1214.56,1000,801.78,1000,0.42,2.316,1.04,0.99,2.4212,1000,1000,0.59875,1000,0.583333333,0.6875
109,ago/13,3.73233428,0.3325,0.393765152,1.032163182,2.081333333,1.25,0.9,1260.29,1000,800.98,1000,0.3825,2.228,1000,0.96,1000,1000,1000,0.4875,1000,1000,0.55
110,set/13,3.936161376,0.332,0.410571429,1.172583333,2.177,1.15,0.75,1197.4,1000,803.68,1000,0.3925,2.228,1.18,0.96,1000,1000,1000,0.4675,1000,0.583333333,0.5
111,out/13,4.009933273,0.334,0.395528986,1.18738913,2.177,1.194,1.045,1252.92,1000,816.94,1000,0.38325,2.376,1.18,0.96,1000,1000,1000,0.4675,1000,0.563333333,0.45
112,nov/13,4.013664236,0.34,0.4201,1.1963755,2.177,1.2,1.01,1287.01,1000,824.29,1000,0.38325,1000,1000,1000,1000,1000,1000,1000,1000,0.563333333,0.55
113,dez/13,4.173130117,0.3524,0.433149123,1.223675263,2.370333333,1.17,0.936666667,1266.77,1000,843.55,1000,0.39,2.348,1.04,0.933333333,1000,1000,0.046662989,0.515,1000,0.563333333,0.6
114,jan/14,4.214825,0.4025,0.440636364,1.123975909,2.197,1.239,0.883333333,1312.34,1000,857.91,1000,0.4075,1000,1.09,1000,1000,1000,1000,0.575,1000,0.563333333,0.6
115,fev/14,4.362654514,0.43,0.503283333,1.108077,2.197,1.239,0.87,1326.09,1000,887.95,1000,0.435,1000,1.05,1000,1000,1000,1000,0.6,1000,0.596666667,0.625
116,mar/14,4.600211372,0.44,0.539929825,1.091887895,2.197,1.4,0.892666667,1397.08,1000,949.51,1000,0.435,1000,1.16,1000,1000,1000,1000,0.625,1000,0.596666667,1000
117,abr/14,4.613557986,0.44,0.512183333,1.044331,2.197,1.45,1000,1395.47,1000,1001.06,1000,0.43,1000,1.12,1000,1000,1000,0.04748457,0.725,1000,0.596666667,0.65
118,mai/14,4.505210317,0.43,0.470301587,1.037901905,2.197,1.5,0.881666667,1378.38,1000,1042.49,1000,0.43,1000,1.14,1000,1000,1000,1000,0.65,1000,0.633333333,1000
119,jun/14,4.511864236,0.3925,0.430816667,1.0529805,2.197,1000,1.035,1423.39,1000,1031.59,1000,0.43,1000,1.12,1000,1000,1000,1000,0.725,1000,0.633333333,0.675
120,jul/14,4.412902462,0.382,0.387126984,0.970461364,2.197,0.948,0.9675,1467.38,1000,1035.46,1000,0.43,1000,1.12,1000,1000,1000,1000,1000,1000,0.633333333,0.75
121,ago/14,4.544080808,0.385,0.374261905,0.995558095,1.98,1.122,0.836666667,1448.29,1000,1050.4,1000,0.4,1000,1.13,1000,2.88,1000,1000,0.775,1000,0.63,0.7
122,set/14,4.746494634,0.376666667,0.359469697,0.967759545,1.88,1.05,0.843333333,1588.09,1000,1072.37,1000,0.43,1000,1.14,1000,2.88,1000,1000,0.8,1000,0.63,1000
123,out/14,4.932680556,0.361666667,0.387304348,0.978148696,1.88,1.182,1.1,1680.38,1000,1084.97,1000,0.4,2.036,1.16,0.841666667,1000,1000,1000,0.6975,1000,0.633333333,0.7
124,nov/14,5.307857986,0.345833333,0.453175,1.0969405,2.078,1.227,0.855,1821.8,1000,1178.72,1000,0.425,1000,1.17,1000,2.88,1000,0.072388613,0.8,1000,0.566666667,0.725
125,dez/14,5.314059722,0.351666667,0.453283333,1.0495955,2.2202,1.227,1.1,1732.5,1000,1205.31,1000,0.433333333,1.916,1.07,0.83,1000,1000,1000,0.64875,1000,0.566666667,0.75
126,jan/15,5.291026455,0.3775,0.4485,1.013845714,2.2202,1.21,1.035,1912.01,1000,1236.26,1000,0.446666667,1000,1.06,1000,2.88,1000,1000,0.75,1000,0.633333333,0.775
127,fev/15,5.277364583,0.379166667,0.458444444,0.954588889,2.2202,1.264,0.97,2004.85,1000,1316.55,1000,0.45,1000,0.96,1000,2.88,1000,1000,0.75,1000,0.633333333,1000
128,mar/15,5.349821338,0.385833333,0.48175,1.050924091,2.25,1.364,1.02,2048.37,1000,1374.87,1000,0.45,1000,0.96,1000,2.88,1000,1000,0.675,1000,0.633333333,1000
129,abr/15,5.500038194,0.3875,0.451458333,0.999721,2.25,1.324,1.035,2203.56,1000,1380.5745,1000,0.45,1000,0.92,1000,2.88,1000,0.080264408,0.675,1000,0.633333333,1000
130,mai/15,5.441903819,0.356666667,0.414125,0.9474855,2.25,1.5,1.136,2075.18,1000,1427.448,1000,0.4375,1.876,0.96,0.996666667,3.04,1000,1000,0.652,1000,0.533333333,1000
131,jun/15,5.380621693,0.36,0.409515873,0.931222381,2.312,1.274,0.985,2084.31,1000,1408.659524,1000,0.485,2.2392,0.96,1.215333333,3.298,0.7895,1000,0.673125,1000,0.6,1000
132,jul/15,5.236359848,0.380333333,0.425123188,1.043355217,2.313,1.324,1.135,2188.5,1000,1411.33,1000,0.465,1000,1.07,1000,3.04,1000,1000,0.725,1000,1000,0.7
133,ago/15,5.199100198,0.375,0.450238095,1.152242381,2.313,1.5,0.97,2155.57,1000,1400.13,1000,0.465,1000,0.96,1000,3.36,1000,0.07393113,0.725,1000,1000,1000
134,set/15,5.287819114,0.3575,0.510515873,1.27108619,2.313,1.374,1.3,2166.87,1000,1408.23,1000,0.465,2.288,1.14,1.138333333,1000,0.7895,1000,0.822375,1000,0.633333333,1000
135,out/15,5.429205026,0.35667,0.539396825,1.29948,2.314,1.4,1.24,2173.95,1000,1404.67,1000,0.48,2.8292,1000,1.179,3.556,0.82,1000,0.80175,1000,0.633333333,1000
136,nov/15,5.466305903,0.368333333,0.551375,1.210192,2.242,1.53,1.22,2219.01,1000,1422.42,1000,0.485,2.888,1000,1.26,4.024,0.82,1000,0.83225,1000,0.633333333,1000
137,dez/15,5.406055208,0.373333333,0.582691667,1.173043,2.313,1.58,1.26,2310.72,1000,1429.7,1000,0.48,2.888,1000,1.26,4.024,0.82,0.058275696,0.83225,1000,0.633333333,1000
138,jan/16,5.503755556,0.3785,0.687933333,1.33578,2.419,1.53,1.206666667,2130.96,1000,1444.01,1000,0.485,3.158396,1000,1.292333333,4.024,1000,1000,0.7835,1000,0.633333333,1000
139,fev/16,5.668055556,0.3785,0.709701754,1.188986316,2.419,1.53,1.17,2085.6,1000,1399.93,1000,0.41,3.24,1000,1.292333333,4.024,0.82,1000,0.814,1000,0.6,1000
140,mar/16,5.730642526,0.390833333,0.789424242,0.976134091,2.3674,1.66,1.206666667,2130.91,1000,1455.49,1000,0.41,1000,1000,1000,1000,1000,1000,1000,1000,1000,1000
141,abr/16,5.792789583,0.4675,0.807983333,0.979182,2.368,1.82,1.05,2065.26,1000,1396.4855,1000,1000,2.922,1000,1.459666667,4.064,0.75,0.076816997,0.96025,1000,0.8,1000
142,mai/16,5.682041667,0.500833333,0.850357143,1.274007143,2.368,1000,1.093333333,2029.97,1000,1346.79,1000,1000,2.922,1000,1.418666667,4.024,0.7775,1000,1.067,1000,0.766666667,1000
143,jun/16,5.762475962,0.565,0.81130303,1.450811364,2.456,1.798,1.093333333,2048.64,1000,1338.823182,1000,1000,3.2684,1000,1.540666667,4.024,0.7775,1000,1.067,1000,0.975,1000
144,jul/16,5.716638889,0.571,0.733690476,1.361495238,2.456,1.76,1.096666667,2043.42,1000,1327.7,1000,0.4645,3.2536,1000,1.650333333,4.024,0.7775,1000,1.10975,1000,0.966666667,1000
145,ago/16,5.555430556,0.624285714,0.750333333,1.254685217,2.456,1.76,1.17,1965.84,1000,1301.34,0.99375,0.441166667,1000,1.56,1.666333333,1000,0.7775,1000,1.13775,1000,0.966666667,1.1
146,set/16,5.495805556,0.714285714,0.691912698,1.207323333,2.3924,1.76,1.17,1959.46,1000,1281.72,1000,0.458,1000,1.4,1.654333333,4.08,0.7775,1000,1.298375,1000,1000,1000
147,out/16,5.564769965,0.742857143,0.6949,1.165133,2.3924,1.76,1.17,2009.29,1000,1209.5,1000,0.465166667,1000,1.34,1000,4.08,1000,1000,1.2,1000,1,0.925
148,nov/16,5.515159144,0.725,0.638275,1.0678045,2.3924,1.63,1.195,2056.42,1000,1236.64,1000,0.463833333,1000,1.3639,1.451,4.08,1.244,1000,1.254,1000,1.266666667,1000
149,dez/16,5.495647817,0.725,0.630071429,1.057227143,2.4043,1.63,1.17,2031.88,1000,1216.59,1000,0.451666667,1000,1.34,1.439,4.08,1.26475,1000,1.23725,1000,0.966666667,1.125
150,jan/17,5.461392361,0.75,0.592318841,1.014144091,2.488,1.5,1.205,1982.75,1000,1208.78,1000,0.469666667,1000,1000,1.5,4.193,1.26225,1000,1.1125,1000,0.866666667,1.1
151,fev/17,5.336560185,0.7,0.595359649,1.01171,2.5996,1.5,1.205,1987.61,1000,1207.14,1000,0.4645,1000,1000,1000,3.8,1.20725,1000,1.121875,1000,0.866666667,0.925
152,mar/17,5.309615451,0.7,0.556231884,0.975623043,2.3996,1.5,1.035,1968.57,1000,1199.59,1.12,0.4945,1000,1.16,1.666333333,1000,1.2025,1000,1.1065,1000,0.8,0.925
153,abr/17,5.034856867,0.5925,0.465435185,0.918784444,2.3996,1.5,0.96,1777.17,1000,1135.28,1.12,0.492,1000,1.16,1000,1000,1000,1000,1.1,1000,0.8,0.925
154,mai/17,5.008115215,0.472857143,0.455409091,0.987291364,2.279,1.5,1.103333333,1837.05,1000,1142.57,1.11875,0.505375,1000,1.16,1000,3.8,1000,1000,1.1,1000,0.8,1000
155,jun/17,4.742686404,0.363,0.436420635,0.969397619,2.14,1.5,1.13,1789.11,1000,1106.1,1000,0.4929,1000,1000,1000,3.8,1000,1000,1000,1000,0.8,0.75
156,jul/17,4.582361772,0.265,0.428706349,0.9702,2.146,1.5,1.003333333,1729.74,1000,1106.82,1.12,0.4924,1000,1.12,1.536666667,3.8,0.80175,1000,0.85575,1000,0.633333333,0.7
157,ago/17,4.772576389,0.28,0.434166667,0.927143043,2.146,1.5,1.003333333,1704.54,1000,1090.26,1.12,0.456666667,1000,1.12,1.536666667,3.8,0.80175,1000,0.85575,1000,0.633333333,0.7
158,set/17,5.276987765,0.271,0.474108333,0.944996,2.146,1.5,1.0265,1907.85,1000,1157.49,1.11875,0.459833333,1000,1.04,1000,1000,1000,1000,0.8,1000,0.666666667,0.8
159,out/17,5.181608796,0.3,0.509333333,0.992716667,2.182,1.6,1.035,1855.83,1000,1149.95,1000,0.4955,1000,1000,1000,3.8,1000,1000,1000,1000,0.766666667,0.875
160,nov/17,5.189583333,0.298,0.5175,0.9989665,2.182,1.5,1.073333333,1841.46,1000,1200,1.11875,0.4772,1000,1.04,1000,3.8,1000,1000,0.95,1000,0.766666667,0.875
161,dez/17,5.345232091,0.301998,0.527666667,1.051811579,2.448,1.4,1.04,1884.49,1000,1138.55,1.11875,0.461833333,1000,1,1000,3.32,1000,0.080249395,0.95,1000,0.633333333,0.875
162,jan/18,5.393101326,0.351998,0.5335,1.004878182,2.448,1.5,0.97,1862.48,1000,1166.42,1.125,0.464166667,1000,1,1000,3.32,1000,1000,0.95,1000,0.766666667,0.875
163,fev/18,5.340281636,0.337998,0.5625,1.115872222,2.448,1.5,1.025,1812.78,1000,1214.69,1.125,0.4789,1000,1,1000,1000,1000,1000,0.75,1000,0.733333333,0.75
164,mar/18,5.329532077,0.431998,0.675666667,1.211719524,2.4834,1.5,1.1,1816.9,1000,1197.42,1.11875,0.464416667,1000,1,1000,3.32,1000,1000,0.75,1000,0.733333333,0.75
165,abr/18,5.269065807,0.45,0.6545,1.292722857,2.4834,1.5,1.1,1893.23,1000,1206.9,1.11875,0.473,1000,1.04,1000,3.32,1000,0.072265093,0.825,1000,0.633333333,0.75
166,mai/18,5.174510582,0.518998,0.700833333,1.396711905,2.4834,1.5,1.175,1730.05,1000,1224.25,1.11875,0.4645,1000,1000,1000,3.32,1000,1000,1000,1000,0.766666667,0.75
167,jun/18,5.098533399,0.53,0.6645,1.396372381,2.592,1.6,1.26,1802.85,1000,1217.82,1.24375,0.472833333,1000,1000,1000,3.32,1000,1000,1000,1000,0.966666667,0.75
168,jul/18,5.287118056,0.519,0.61,1.348773182,2.599,1.7,1.25,1893.34,1000,1148,1000,0.522375,1000,1.24,1000,3.32,1000,1000,1.175,1000,0.966666667,1.05
169,ago/18,5.401215278,0.5656,0.674166667,1.340918696,2.723,1.7,1.275,1874.72,1000,1180.95,1.11875,0.5047,1000,1.28,1000,1000,1000,1000,1.2,1000,1000,1.075
170,set/18,5.523243148,0.52,0.659833333,1.374304211,2.723,1.8,1.48,1841.98,1000,1230.22,1000,0.528625,1000,1.28,1000,3.32,1000,0.06816796,1.2,1000,1000,1000
171,out/18,5.399375,0.518,0.595666667,1.312913636,3.057,1.8,1.415,1838.23,1000,1197.78,1.11875,0.5124,1000,1.28,1000,1000,1000,1000,1.2,1000,1000,1000
172,nov/18,5.344984568,0.51,0.596666667,1.266354,2.8252,1.8,1.3,1895.36,1000,1240.54,1.11875,0.5264,1000,1.3,1000,3.32,1000,1000,1.2,1000,1000,1000
173,dez/18,5.52839892,0.528,0.615,1.248308889,2.8252,2,1.325,1871.98,1000,1285.34,1000,0.59,1000,1.3,1000,1000,1000,1000,1.2,1000,1000,1000
174,jan/19,5.60306029,0.53496,0.632333333,1.246311364,2.955,2,1.35,1815.38,1000,1301.93,1.11875,0.5434,1000,1.3,1000,1000,1000,1000,1.2,1000,1000,1000
175,fev/19,5.523491512,0.55396,0.665166667,1.2095675,2.955,2,1.4,1950.01,1000,1299.93,1000,1000,1000,1.3,1000,1000,1000,1000,1.2,1000,0.933333333,1000
176,mar/19,5.587083333,0.6,0.649166667,1.171756316,2.955,2,1.3,1923.32,1000,1278.86,1000,1000,1000,1.3,1000,1000,1000,1000,1.2,1000,0.933333333,0.95
177,abr/19,5.789250992,0.62992,0.5945,1.135670476,2.955,1.8,1.225,2030.81,1000,1318.12,1000,1000,1000,1.3,1000,1000,1000,1000,1.25,1000,0.933333333,0.95
178,mai/19,5.621964962,0.418,0.571333333,1.171250455,2.9438,1.9,1.25,1914.32,1000,1378.46,1000,1000,1000,1.3,1000,1000,1000,1000,1.25,1000,0.933333333,1000
179,jun/19,5.580550347,0.405,0.624833333,1.244896842,2.8348,1.59,1.225,2018.31,1000,1346.88,1000,1000,1000,1.24,1000,1000,1000,0.06396012,1.1,1000,0.933333333,1000
180,jul/19,5.645972222,0.398998,0.608,1.208797391,2.7368,1.8,1.175,2000.99,1000,1356.17,1000,1000,1000,1.24,1000,1000,1000,1000,1.1,1000,0.933333333,0.725
181,ago/19,5.76375,0.413998,0.598833333,1.220102727,2.7368,1.8,1.125,2035.29,1000,1376.16,1000,1000,1000,1.24,1000,1000,1000,1000,1.1,1000,0.933333333,0.75
182,set/19,5.8796875,0.415998,0.617333333,1.26117,2.476,1.719,1.15,2093.45,1000,1402.84,1000,1000,1000,1.26,1000,1000,1000,1000,1.225,1000,0.933333333,0.75
183,out/19,6.008746981,0.442,0.680333333,1.239156522,2.5206,1.56,1.29,2089.25,1000,1443.59,1000,1000,1000,1.28,1000,1000,1000,0.067022772,1.225,1000,0.933333333,0.75
184,nov/19,7.403621528,0.481,0.724229167,1.291912,2.5206,1.68,1.235,2156.27,1000,1566.17,1000,1000,1000,1.28,1000,1000,1000,1000,1.15,1000,0.933333333,0.825
185,dez/19,7.933130787,0.535,0.789,1.347417895,2.596,1.65,1000,2771.95,1000,1677.11,1000,1000,1000,1.28,1000,1000,1000,1000,1.15,1000,0.866666667,0.75
186,jan/20,1000,0.6,1000,1000,2.596,1000,1000,1000000,1000,1000000,1000,1000,1000,1000,1000,1000,1000,1000,1000,1000,1000,1000
